Week,Day,Date,Type,Link text,URL
1,1,24-Jan,Video,Course intro,https://jh.hosted.panopto.com/Panopto/Pages/Viewer.aspx?id=bf3515d0-3a2c-4599-8fc2-ae220143ecfb
1,1,24-Jan,Video,"Linux, ugrad accounts",https://jh.hosted.panopto.com/Panopto/Pages/Viewer.aspx?id=1273cccc-b312-47d4-802a-ae2200fefc22
1,1,24-Jan,Slides,Course intro,slides/day01_intro.pdf
1,1,24-Jan,Slides,"Linux, ugrad accounts",slides/day01_linux_basics.pdf
1,1,24-Jan,Recap,Day 1,questions/day01.html
1,1,24-Jan,Exercise,Exercise 1,exercise/ex01.html
1,1,24-Jan,Resource,Unix/Linux Tutorial,https://cs.jhu.edu/~joanne/unix.html
1,1,24-Jan,Resource,Unix/Linux Reference Card,https://cs.jhu.edu/~joanne/unixRC.pdf
1,1,24-Jan,Resource,Github SSH key setup,resources/github-ssh.html
1,1,24-Jan,LectureSlides,Section 1 (intro),slides/sec01/day01_intro.pdf
1,1,24-Jan,LectureSlides,Section 1 (Linux),slides/sec01/day01_linux_basics.pdf
1,1,24-Jan,LectureSlides,Section 2,slides/sec02/01.pdf
1,1,24-Jan,Recording,Section 1,https://jh.hosted.panopto.com/Panopto/Pages/Viewer.aspx?id=914e8dea-f143-4354-8eb8-ae270139ec44
1,1,24-Jan,Recording,Section 2,https://jh.hosted.panopto.com/Panopto/Pages/Viewer.aspx?id=1d57a4aa-3153-4277-bcb0-ae290022bd6a
1,1,24-Jan,Recording,Section 3,https://jh.hosted.panopto.com/Panopto/Pages/Viewer.aspx?id=3f4a0107-2691-41d6-99f0-ae2701625daa
1,1,24-Jan,Recording,Section 4,https://jh.hosted.panopto.com/Panopto/Pages/Viewer.aspx?id=84257fd7-6d0a-4489-a0b5-ae27010ed80b
1,2,26-Jan,Video,Hello world program in C,https://jh.hosted.panopto.com/Panopto/Pages/Viewer.aspx?id=1a42038f-6e6e-43cb-958a-ae230027ad23
1,2,26-Jan,Video,C basics,https://jh.hosted.panopto.com/Panopto/Pages/Viewer.aspx?id=c7fc4118-f301-40bb-8693-ae230027ac09
1,2,26-Jan,Slides,Hello world program in C,slides/day02_hello_world_c.pdf
1,2,26-Jan,Slides,C basics,slides/day02_c_basics.pdf
1,2,26-Jan,Recap,Day 2,questions/day02.html
1,2,26-Jan,Exercise,Exercise 2,exercise/ex02.html
1,2,26-Jan,Resource,Online C compiler,https://www.onlinegdb.com/online_c_compiler
1,2,26-Jan,LectureSlides,Section 1,slides/sec01/day02_notes.pdf
1,2,26-Jan,LectureSlides,Section 2,slides/sec02/02.pdf
1,2,26-Jan,Recording,Section 1,https://jh.hosted.panopto.com/Panopto/Pages/Viewer.aspx?id=31bb08b3-9845-4b85-994e-ae29013542fa
1,2,26-Jan,Recording,Section 2,https://jh.hosted.panopto.com/Panopto/Pages/Viewer.aspx?id=b6210273-872e-4aa7-af40-ae290146a8aa
1,2,26-Jan,Recording,Section 3,https://jh.hosted.panopto.com/Panopto/Pages/Viewer.aspx?id=9602930b-ae42-4c79-90e7-ae29015affb1
1,2,26-Jan,Recording,Section 4,https://jh.hosted.panopto.com/Panopto/Pages/Viewer.aspx?id=466dd56d-333c-4971-8568-ae29010bdebe
1,3,28-Jan,Video,Editors (emacs),https://jh.hosted.panopto.com/Panopto/Pages/Viewer.aspx?id=d7af51c6-fffc-4c79-9e8e-ae230027adb4
1,3,28-Jan,Video,Git,https://jh.hosted.panopto.com/Panopto/Pages/Viewer.aspx?id=7f332c5e-6ad8-4ff8-a702-ae23002793cf
1,3,28-Jan,Video,Submission workflow,https://jh.hosted.panopto.com/Panopto/Pages/Viewer.aspx?id=4c4f67dd-677c-40d9-8bbc-ae230027ac60
1,3,28-Jan,Slides,Editors (emacs),slides/day03_editors.pdf
1,3,28-Jan,Slides,Git,slides/day03_git.pdf
1,3,28-Jan,Slides,Submission workflow,slides/day03_submission_workflow.pdf
1,3,28-Jan,Recap,Day 3,questions/day03.html
1,3,28-Jan,Exercise,Exercise 3-A,exercise/ex03a.html
1,3,28-Jan,Exercise,Exercise 3-B,exercise/ex03b.html
1,3,28-Jan,Resource,Emacs reference card,https://www.gnu.org/software/emacs/refcards/pdf/refcard.pdf
1,3,28-Jan,Resource,Interactive Vim tutorial,https://www.openvim.com/
1,3,28-Jan,Resource,Git cheatsheet,https://github.github.com/training-kit/downloads/github-git-cheat-sheet.pdf
1,3,28-Jan,LectureSlides,Section 1,slides/sec01/day03_notes.pdf
1,3,28-Jan,LectureSlides,Section 2,slides/sec02/03.pdf
1,3,28-Jan,Recording,Section 1,https://jh.hosted.panopto.com/Panopto/Pages/Viewer.aspx?id=56b7b3c4-d25a-49a5-ba8a-ae2b013b8674
1,3,28-Jan,Recording,Section 2,#
1,3,28-Jan,Recording,Section 3,https://jh.hosted.panopto.com/Panopto/Pages/Viewer.aspx?id=1d4db39c-ccfa-4e32-80e2-ae2b015862bf
1,3,28-Jan,Recording,Section 4,https://jh.hosted.panopto.com/Panopto/Pages/Viewer.aspx?id=a3adf275-d4f0-405f-9e5c-ae2b010cb30f
2,1,31-Jan,Video,"Logical operators, control flow",https://jh.hosted.panopto.com/Panopto/Pages/Viewer.aspx?id=45b14d44-3d4e-4fd7-b0c0-ae230027aef2
2,1,31-Jan,Slides,"Logical operators, control flow",slides/day04_control_flow.pdf
2,1,31-Jan,Recap,Day 4,questions/day04.html
2,1,31-Jan,Exercise,Exercise 4,exercise/ex04.html
2,1,31-Jan,LectureSlides,Section 1,slides/sec01/day04_notes.pdf
2,1,31-Jan,LectureSlides,Section 2,slides/sec02/04.pdf
2,1,31-Jan,Recording,Section 1,https://jh.hosted.panopto.com/Panopto/Pages/Viewer.aspx?id=abf56b48-5a67-4713-91c4-ae2e0149592b
2,1,31-Jan,Recording,Section 2,https://jh.hosted.panopto.com/Panopto/Pages/Viewer.aspx?id=fdb32310-81aa-4273-968b-ae2e014b3f83
2,1,31-Jan,Recording,Section 3,https://jh.hosted.panopto.com/Panopto/Pages/Viewer.aspx?id=aed6c683-3a1c-4bc3-b6c8-ae2e015f568f
2,1,31-Jan,Recording,Section 4,https://jh.hosted.panopto.com/Panopto/Pages/Viewer.aspx?id=7d1da6b7-27bf-449e-8c1d-ae2e010c8609
2,2,2-Feb,Video,"Arrays, ASCII",https://jh.hosted.panopto.com/Panopto/Pages/Viewer.aspx?id=58f4d402-fd0d-4868-b805-ae230027ab93
2,2,2-Feb,Video,C strings,https://jh.hosted.panopto.com/Panopto/Pages/Viewer.aspx?id=06a4f1da-f6a1-4212-b686-ae230027ab33
2,2,2-Feb,Slides,Arrays,slides/day05_arrays.pdf
2,2,2-Feb,Slides,C strings,slides/day05_c_strings.pdf
2,2,2-Feb,Recap,Day 5,questions/day05.html
2,2,2-Feb,Exercise,Exercise 5,exercise/ex05.html
2,2,2-Feb,LectureSlides,Section 1,slides/sec01/day05_notes.pdf
2,2,2-Feb,LectureSlides,Section 2,slides/sec02/05.pdf
2,2,2-Feb,Recording,Section 1,https://jh.hosted.panopto.com/Panopto/Pages/Viewer.aspx?id=f580d38a-33fb-4c3f-8677-ae3001350222
2,2,2-Feb,Recording,Section 2,https://jh.hosted.panopto.com/Panopto/Pages/Viewer.aspx?id=fa3b2705-4029-4016-98ad-ae300147cb5b
2,2,2-Feb,Recording,Section 3,https://jh.hosted.panopto.com/Panopto/Pages/Viewer.aspx?id=6db56c60-2f86-4322-a552-ae300157e909
2,2,2-Feb,Recording,Section 4,https://jh.hosted.panopto.com/Panopto/Pages/Viewer.aspx?id=db0003d7-071b-43e7-b0d4-ae30010c2c5d
2,3,4-Feb,Video,"File I/O, assert, math functions",https://jh.hosted.panopto.com/Panopto/Pages/Viewer.aspx?id=ae149930-15ce-460c-a2df-ae230027aac0
2,3,4-Feb,Video,"Writing functions, command line arguments",https://jh.hosted.panopto.com/Panopto/Pages/Viewer.aspx?id=1de2958b-f8b8-4fae-ac47-ae230027aa77
2,3,4-Feb,Slides,"File I/O, assert, math functions",slides/day06_fileio_assertion_math.pdf
2,3,4-Feb,Slides,"Writing functions, command line arguments",slides/day06_functions_command_line_arguments.pdf
2,3,4-Feb,Recap,Day 6,questions/day06.html
2,3,4-Feb,Exercise,Exercise 6,exercise/ex06.html
2,3,4-Feb,LectureSlides,Section 1,slides/sec01/day06_notes.pdf
2,3,4-Feb,LectureSlides,Section 2,slides/sec02/06.pdf
2,3,4-Feb,Recording,Section 1,https://jh.hosted.panopto.com/Panopto/Pages/Viewer.aspx?id=2f0b490f-3f1b-4cd0-b7da-ae32016eda0b
2,3,4-Feb,Recording,Section 2,https://jh.hosted.panopto.com/Panopto/Pages/Viewer.aspx?id=15d7671a-7ea3-4908-b85c-ae320146c856
2,3,4-Feb,Recording,Section 3,https://jh.hosted.panopto.com/Panopto/Pages/Viewer.aspx?id=5a5aeec4-456d-441c-84f8-ae3201608977
2,3,4-Feb,Recording,Section 4,https://jh.hosted.panopto.com/Panopto/Pages/Viewer.aspx?id=40f171a5-d879-4975-8383-ae32010c67d0
3,1,7-Feb,Slides,Function declarations,slides/day07_function_declaration.pdf
3,1,7-Feb,Slides,Passing arrays to functions,slides/day07_passing_arrays_to_functions.pdf
3,1,7-Feb,Slides,Recursion,slides/day07_recursion.pdf
3,1,7-Feb,Video,Function declarations,https://jh.hosted.panopto.com/Panopto/Pages/Viewer.aspx?id=bbef007b-88a8-4e42-bcc4-ae230027a8f4
3,1,7-Feb,Video,Passing arrays to functions,https://jh.hosted.panopto.com/Panopto/Pages/Viewer.aspx?id=c18158bd-cf31-48c4-a2c0-ae230027a87e
3,1,7-Feb,Video,Recursion,https://jh.hosted.panopto.com/Panopto/Pages/Viewer.aspx?id=12215376-94e9-48dd-8d5a-ae230027937e
3,1,7-Feb,Recap,Day 7,questions/day07.html
3,1,7-Feb,Exercise,Exercise 7,exercise/ex07.html
3,1,7-Feb,LectureSlides,Section 1,slides/sec01/day07_notes.pdf
3,1,7-Feb,LectureSlides,Section 2,slides/sec02/07.pdf
3,1,7-Feb,Recording,Section 1,https://jh.hosted.panopto.com/Panopto/Pages/Viewer.aspx?id=51916e89-95b2-48c6-922a-ae3501370ac5
3,1,7-Feb,Recording,Section 2,https://jh.hosted.panopto.com/Panopto/Pages/Viewer.aspx?id=1802c3b6-6330-4bf6-9c10-ae3501462214
3,1,7-Feb,Recording,Section 3,https://jh.hosted.panopto.com/Panopto/Pages/Viewer.aspx?id=ed38cf3a-d791-4221-9706-ae35015a0bf3
3,1,7-Feb,Recording,Section 4,https://jh.hosted.panopto.com/Panopto/Pages/Viewer.aspx?id=5e4de440-7633-4a5f-b53d-ae3501095795
3,2,9-Feb,Slides,Separate compilation,slides/day08_separate_compilation.pdf
3,2,9-Feb,Slides,Makefiles,slides/day08_makefiles.pdf
3,2,9-Feb,Slides,Header guards,slides/day08_header_guards.pdf
3,2,9-Feb,Video,Separate compilation,https://jh.hosted.panopto.com/Panopto/Pages/Viewer.aspx?id=76660996-f221-4bda-85bf-ae230027aa0b
3,2,9-Feb,Video,Makefiles,https://jh.hosted.panopto.com/Panopto/Pages/Viewer.aspx?id=956ae811-74a5-48f2-8d73-ae230027a9b0
3,2,9-Feb,Video,Header guards,https://jh.hosted.panopto.com/Panopto/Pages/Viewer.aspx?id=76a9e1f6-07f3-483c-9341-ae230027a948
3,2,9-Feb,Recap,Day 8,questions/day08.html
3,2,9-Feb,Exercise,Exercise 8,exercise/ex08.html
3,2,9-Feb,LectureSlides,Section 1,slides/sec01/day08_notes.pdf
3,2,9-Feb,LectureSlides,Section 2,slides/sec02/08.pdf
3,2,9-Feb,Recording,Section 1,https://jh.hosted.panopto.com/Panopto/Pages/Viewer.aspx?id=1766ed35-dca0-4554-bc7e-ae3701389e8a
3,2,9-Feb,Recording,Section 2,https://jh.hosted.panopto.com/Panopto/Pages/Viewer.aspx?id=6e76dc91-825b-43dd-9a16-ae3701463bd3
3,2,9-Feb,Recording,Section 3,https://jh.hosted.panopto.com/Panopto/Pages/Viewer.aspx?id=7cfba7a5-99ce-4920-b151-ae37015eed1f
3,2,9-Feb,Recording,Section 4,https://jh.hosted.panopto.com/Panopto/Pages/Viewer.aspx?id=06d18323-7fa6-497a-a16d-ae37010dcfee
3,3,11-Feb,Slides,"Multidimensional arrays, gdb",slides/day09_multidimensional_arrays_gdb.pdf
3,3,11-Feb,Video,"Multidimensional arrays, gdb",https://jh.hosted.panopto.com/Panopto/Pages/Viewer.aspx?id=67aec427-5035-40bb-a34f-ae230027a824
3,3,11-Feb,Recap,Day 9,questions/day09.html
3,3,11-Feb,Exercise,Exercise 9,exercise/ex09.html
3,3,11-Feb,Resource,GDB Cheat Sheet,https://darkdust.net/files/GDB%20Cheat%20Sheet.pdf
3,3,11-Feb,LectureSlides,Section 1,slides/sec01/day09_notes.pdf
3,3,11-Feb,LectureSlides,Section 2,slides/sec02/09.pdf
3,3,11-Feb,Recording,Section 1,https://jh.hosted.panopto.com/Panopto/Pages/Viewer.aspx?id=67c3cd1b-41b9-4a20-a3d8-ae3901398d1c
3,3,11-Feb,Recording,Section 2,https://jh.hosted.panopto.com/Panopto/Pages/Viewer.aspx?id=ebc56318-1041-43cc-b5db-ae390146a790
3,3,11-Feb,Recording,Section 3,https://jh.hosted.panopto.com/Panopto/Pages/Viewer.aspx?id=eb081d3a-2313-4b18-82a4-ae39015a67fe
3,3,11-Feb,Recording,Section 4,https://jh.hosted.panopto.com/Panopto/Pages/Viewer.aspx?id=9302e900-cd24-4a27-ab90-ae39010c28d9
4,1,14-Feb,Video,Pointers,https://jh.hosted.panopto.com/Panopto/Pages/Viewer.aspx?id=7dd96f56-4676-4f7c-913d-ae230027a7a3
4,1,14-Feb,Slides,Pointers,slides/day10_pointers.pdf
4,1,14-Feb,Recap,Day 10,questions/day10.html
4,1,14-Feb,Exercise,Exercise 10,exercise/ex10.html
4,1,14-Feb,Resource,Binky the Pointer (Video),https://www.youtube.com/watch?v=5VnDaHBi8dM
4,1,14-Feb,LectureSlides,Section 1,slides/sec01/day10_notes.pdf
4,1,14-Feb,LectureSlides,Section 2,slides/sec02/day10_notes.pdf
4,1,14-Feb,Recording,Section 1,https://jh.hosted.panopto.com/Panopto/Pages/Viewer.aspx?id=cbb5d553-2dbe-4a69-9cfa-ae3c0149c498
4,1,14-Feb,Recording,Section 2,https://jh.hosted.panopto.com/Panopto/Pages/Viewer.aspx?id=95081dcb-d179-48e6-b89d-ae3c01440764
4,1,14-Feb,Recording,Section 3,https://jh.hosted.panopto.com/Panopto/Pages/Viewer.aspx?id=22ffebd8-7c4f-4bb4-b720-ae3c01572d41
4,1,14-Feb,Recording,Section 4,https://jh.hosted.panopto.com/Panopto/Pages/Viewer.aspx?id=d1c626f1-e6e7-427a-9e6b-ae3c010b01c2
4,2,16-Feb,Video,Dynamic Memory Allocation,https://jh.hosted.panopto.com/Panopto/Pages/Viewer.aspx?id=88e3945a-f1f2-4442-825e-ae230027a746
4,2,16-Feb,Video,Valgrind,https://jh.hosted.panopto.com/Panopto/Pages/Viewer.aspx?id=f4c78306-67c7-4184-955f-ae230027a6b2
4,2,14-Feb,Slides,Dynamic Memory Allocation,slides/day11_dynamic_memory_allocation.pdf
4,2,14-Feb,Slides,Valgrind,slides/day11_valgrind.pdf
4,2,14-Feb,Recap,Day 11,questions/day11.html
4,2,16-Feb,Exercise,Exercise 11,exercise/ex11.html
4,2,16-Feb,LectureSlides,Section 1,slides/sec01/day11_notes.pdf
4,2,16-Feb,LectureSlides,Section 2,slides/sec02/11.pdf
4,2,16-Feb,Recording,Section 1,https://jh.hosted.panopto.com/Panopto/Pages/Viewer.aspx?id=6604b439-ba5d-4146-9d76-ae3e013a8960
4,2,16-Feb,Recording,Section 2,https://jh.hosted.panopto.com/Panopto/Pages/Viewer.aspx?id=6820679c-930e-4f0a-a832-ae3e014c2169
4,2,16-Feb,Recording,Section 3,https://jh.hosted.panopto.com/Panopto/Pages/Viewer.aspx?id=891cd0ce-e436-4d83-a7ab-ae3e015d7993
4,2,16-Feb,Recording,Section 4,https://jh.hosted.panopto.com/Panopto/Pages/Viewer.aspx?id=47715872-400d-41f3-a90a-ae3e0106a739
4,3,18-Feb,Video,Pointer Arithmetic,https://jh.hosted.panopto.com/Panopto/Pages/Viewer.aspx?id=d83163b7-7827-4bca-a6ca-ae2300279303
4,3,18-Feb,Video,"Dynamic 2-D Arrays, Pointers and Const",https://jh.hosted.panopto.com/Panopto/Pages/Viewer.aspx?id=5b124364-dcca-4e9b-b276-ae23002792a9
4,3,18-Feb,Slides,Pointer Arithmetic,slides/day12_pointer_arithmetic.pdf
4,3,18-Feb,Slides,"Dynamic 2-D Arrays, Pointers and Const",slides/day12_more_pointers_dynamic_2d_arrays.pdf
4,3,18-Feb,Recap,Day 12,questions/day12.html
4,3,18-Feb,Exercise,Exercise 12,exercise/ex12.html
4,3,18-Feb,LectureSlides,Section 1,slides/sec01/day12_notes.pdf
4,3,18-Feb,LectureSlides,Section 2,slides/sec02/12.pdf
4,3,18-Feb,Recording,Section 1,https://jh.hosted.panopto.com/Panopto/Pages/Viewer.aspx?id=cd8879f8-0166-4a9f-8959-ae400130fee7
4,3,18-Feb,Recording,Section 2,https://jh.hosted.panopto.com/Panopto/Pages/Viewer.aspx?id=d77bfeba-51a6-4900-9781-ae4001492ac0
4,3,18-Feb,Recording,Section 3,https://jh.hosted.panopto.com/Panopto/Pages/Viewer.aspx?id=7439a72e-bf18-4ff0-aa5b-ae40015c8c67
4,3,18-Feb,Recording,Section 4,https://jh.hosted.panopto.com/Panopto/Pages/Viewer.aspx?id=36daee20-b105-45a0-9dab-ae40010bf6c8
5,1,21-Feb,Video,Lifetime/Scope,https://jh.hosted.panopto.com/Panopto/Pages/Viewer.aspx?id=6fa78f1f-431c-40ea-95e2-ae230027a663
5,1,21-Feb,Video,Structs,https://jh.hosted.panopto.com/Panopto/Pages/Viewer.aspx?id=81f128ab-96f2-433e-b770-ae230027a5f4
5,1,21-Feb,Video,Random number generation,https://jh.hosted.panopto.com/Panopto/Pages/Viewer.aspx?id=e02cd998-bfde-4c4a-977a-ae23002791e7
5,1,21-Feb,Slides,Lifetime/Scope,slides/day13_lifetime_scope.pdf
5,1,21-Feb,Slides,Structs,slides/day13_struct_type.pdf
5,1,21-Feb,Slides,Random number generation,slides/day13_random_numbers.pdf
5,1,21-Feb,Recap,Day 13,questions/day13.html
5,1,21-Feb,Exercise,Exercise 13,exercise/ex13.html
5,1,21-Feb,LectureSlides,Section 1,slides/sec01/day13_notes.pdf
5,1,21-Feb,LectureSlides,Section 2,slides/sec02/13.pdf
5,1,21-Feb,Recording,Section 1,https://jh.hosted.panopto.com/Panopto/Pages/Viewer.aspx?id=e6e1ef62-380d-4bb9-8a18-ae43013e03e2
5,1,21-Feb,Recording,Section 2,https://jh.hosted.panopto.com/Panopto/Pages/Viewer.aspx?id=6f26490e-265a-4947-85fc-ae43014bc44a
5,1,21-Feb,Recording,Section 3,https://jh.hosted.panopto.com/Panopto/Pages/Viewer.aspx?id=14f78aa4-ff14-4390-a96b-ae430163590f
5,1,21-Feb,Recording,Section 4,https://jh.hosted.panopto.com/Panopto/Pages/Viewer.aspx?id=50e90d9e-3df8-4d40-b426-ae43010cd5e0
5,2,23-Feb,Video,Binary file I/O,https://jh.hosted.panopto.com/Panopto/Pages/Viewer.aspx?id=9a428f88-2a13-420b-b008-ae230027a35f
5,2,23-Feb,Video,Bitwise operations,https://jh.hosted.panopto.com/Panopto/Pages/Viewer.aspx?id=373770ad-6472-4b72-b789-ae230027a246
5,2,23-Feb,Slides,Binary file I/O,slides/day14_binary_file_io.pdf
5,2,23-Feb,Slides,Bitwise operations,slides/day14_bitwise_operations.pdf
5,2,23-Feb,Recap,Day 14,questions/day14.html
5,2,23-Feb,Exercise,Exercise 14,exercise/ex14.html
5,2,23-Feb,LectureSlides,Section 1,slides/sec01/day14_notes.pdf
5,2,23-Feb,LectureSlides,Section 2,slides/sec02/14.pdf
5,2,23-Feb,Recording,Section 1,https://jh.hosted.panopto.com/Panopto/Pages/Viewer.aspx?id=ff5b78c3-9dbc-4875-8a22-ae4501367dcc
5,2,23-Feb,Recording,Section 2,https://jh.hosted.panopto.com/Panopto/Pages/Viewer.aspx?id=cf610aef-05bb-47fe-bb2b-ae450142d696
5,2,23-Feb,Recording,Section 3,https://jh.hosted.panopto.com/Panopto/Pages/Viewer.aspx?id=4a7f1e32-1979-49e8-8785-ae45015b9107
5,2,23-Feb,Recording,Section 4,https://jh.hosted.panopto.com/Panopto/Pages/Viewer.aspx?id=747ebf50-3c9a-48a6-b484-ae4501066495
5,3,25-Feb,Video,"Number representation, type conversion/casting",https://jh.hosted.panopto.com/Panopto/Pages/Viewer.aspx?id=9ce56b92-a382-468f-8c9e-ae230027a1af
5,3,25-Feb,Slides,"Number representation, type conversion/casting",slides/day15_number_rep_type_conversions.pdf
5,3,25-Feb,Recap,Day 15,questions/day15.html
5,3,25-Feb,Exercise,Exercise 15,exercise/ex15.html
5,3,25-Feb,LectureSlides,Section 1,slides/sec01/day15_notes.pdf
5,3,25-Feb,LectureSlides,Section 2,slides/sec02/15.pdf
5,3,25-Feb,Recording,Section 1,https://jh.hosted.panopto.com/Panopto/Pages/Viewer.aspx?id=c6354862-b9c8-4f8e-9ad3-ae4701379c2c
5,3,25-Feb,Recording,Section 2,https://jh.hosted.panopto.com/Panopto/Pages/Viewer.aspx?id=ef910117-96ff-4d10-b563-ae47014975cd
5,3,25-Feb,Recording,Section 3,https://jh.hosted.panopto.com/Panopto/Pages/Viewer.aspx?id=833dc243-c1ab-4b0d-b281-ae4701591207
5,3,25-Feb,Recording,Section 4,https://jh.hosted.panopto.com/Panopto/Pages/Viewer.aspx?id=9cbd84fa-f6b8-4832-8f6c-ae47010b72e8
6,1,28-Feb,Slides,Midterm project,slides/sec01/16.pdf
6,1,28-Feb,LectureSlides,Section 2,slides/sec02/16.pdf
6,1,28-Feb,Recording,Section 1,https://jh.hosted.panopto.com/Panopto/Pages/Viewer.aspx?id=11a3f085-1b39-43a9-9868-ae4a01395eda
6,1,28-Feb,Recording,Section 2,https://jh.hosted.panopto.com/Panopto/Pages/Viewer.aspx?id=8826782c-88d2-4909-b5f3-ae4a0140aa52
6,1,28-Feb,Recording,Section 3,https://jh.hosted.panopto.com/Panopto/Pages/Viewer.aspx?id=9cb71831-7b4e-47c7-a8e9-ae4a015ab045
6,1,28-Feb,Recording,Section 4,https://jh.hosted.panopto.com/Panopto/Pages/Viewer.aspx?id=04b9e6dc-05a6-477a-8f45-ae4a01029bf7
6,2,2-Mar,Video,Linked lists,https://jh.hosted.panopto.com/Panopto/Pages/Viewer.aspx?id=254ea75c-12a1-456c-b91d-ae230027a0c6
6,2,2-Mar,Slides,Linked lists,slides/day17_linked_lists.pdf
6,2,2-Mar,Recap,Day 17,questions/day17.html
6,2,2-Mar,Exercise,Exercise 17,exercise/ex17.html
6,2,2-Mar,LectureSlides,Section 1,slides/sec01/day17_notes.pdf
6,2,2-Mar,LectureSlides,Section 2,slides/sec02/17.pdf
6,2,2-Mar,Recording,Section 1,https://jh.hosted.panopto.com/Panopto/Pages/Viewer.aspx?id=76379573-2d62-4abc-a68a-ae4c01345f67
6,2,2-Mar,Recording,Section 2,https://jh.hosted.panopto.com/Panopto/Pages/Viewer.aspx?id=05eaf51d-bb28-43d7-8ef9-ae4c0141c944
6,2,2-Mar,Recording,Section 3,https://jh.hosted.panopto.com/Panopto/Pages/Viewer.aspx?id=babc99b2-7d21-4fb9-9d01-ae4c015c1b55
6,2,2-Mar,Recording,Section 4,https://jh.hosted.panopto.com/Panopto/Pages/Viewer.aspx?id=4b83601f-56ce-4768-8da0-ae4c010c0151
6,3,4-Mar,Video,More Linked lists,https://jh.hosted.panopto.com/Panopto/Pages/Viewer.aspx?id=06994aeb-6743-4fcd-b69f-ae2300279d42
6,3,4-Mar,Slides,More Linked lists,slides/day18_more_linked_lists.pdf
6,3,4-Mar,Recap,Day 18,questions/day18.html
6,3,4-Mar,Exercise,Exercise 18,exercise/ex18.html
6,3,4-Mar,LectureSlides,Section 1,slides/sec01/day18_notes.pdf
6,3,4-Mar,LectureSlides,Section 2,slides/sec02/18.pdf
6,3,4-Mar,Recording,Section 1,https://jh.hosted.panopto.com/Panopto/Pages/Viewer.aspx?id=9dee4325-ca9c-4ea8-bf29-ae4e01364b28
6,3,4-Mar,Recording,Section 2,https://jh.hosted.panopto.com/Panopto/Pages/Viewer.aspx?id=e231c316-3666-4e90-9a69-ae4e01444608
6,3,4-Mar,Recording,Section 3,https://jh.hosted.panopto.com/Panopto/Pages/Viewer.aspx?id=4b70fb76-31c0-474c-9198-ae4e015a7df7
6,3,4-Mar,Recording,Section 4,https://jh.hosted.panopto.com/Panopto/Pages/Viewer.aspx?id=4780495b-62c8-467c-b0fc-ae4e010360f0
7,1,7-Mar,Video,N/A,#
7,1,7-Mar,Slides,N/A,#
7,1,7-Mar,Recap,N/A,#
7,1,7-Mar,Exercise,Midterm Project,assign/midterm.html
7,1,7-Mar,LectureSlides,Section 1,slides/sec01/day19_notes.pdf
7,1,7-Mar,LectureSlides,Section 2,slides/sec02/19.pdf
7,1,7-Mar,Recording,Section 1,https://jh.hosted.panopto.com/Panopto/Pages/Viewer.aspx?id=9fb8726e-e7e1-4e2f-b873-ae5101433853
7,1,7-Mar,Recording,Section 2,https://jh.hosted.panopto.com/Panopto/Pages/Viewer.aspx?id=ffd48016-2c89-49cb-9312-ae5101394012
7,1,7-Mar,Recording,Section 3,https://jh.hosted.panopto.com/Panopto/Pages/Viewer.aspx?id=9d05327b-fe03-43c8-97c2-ae510157dd55
7,1,7-Mar,Recording,Section 4,https://jh.hosted.panopto.com/Panopto/Pages/Viewer.aspx?id=ac41397f-1be4-4ec1-9d59-ae510101ef1b
7,2,9-Mar,Video,N/A,#
7,2,9-Mar,Slides,N/A,#
7,2,9-Mar,Recap,N/A,#
7,2,9-Mar,LectureSlides,Section 1,slides/sec01/day20_notes.pdf
7,2,9-Mar,Exercise,Midterm Project,assign/midterm.html
7,2,9-Mar,Resource,Midterm Review Solutions,resources/MidtermReview-solutions.pdf
7,2,9-Mar,Resource,Fall 2019 Midterm Solutions,resources/Midterm-Fall2019-solutions.pdf
7,2,9-Mar,Recording,Section 1,https://jh.hosted.panopto.com/Panopto/Pages/Viewer.aspx?id=897723d6-1b94-49d5-ae1b-ae53013a53b9
7,3,11-Mar,Video,N/A,#
7,3,11-Mar,Slides,N/A,#
7,3,11-Mar,Recap,N/A,#
7,3,11-Mar,Exercise,Midterm Exam (on Gradescope),https://www.gradescope.com/
8,1,14-Mar,Video,Introduction to C++,https://jh.hosted.panopto.com/Panopto/Pages/Viewer.aspx?id=2760c264-312d-49f2-9e43-ae2300279acb
8,1,14-Mar,Video,C++ Strings,https://jh.hosted.panopto.com/Panopto/Pages/Viewer.aspx?id=954ea030-61b3-482d-96e8-ae2300279a4f
8,1,14-Mar,Slides,Introduction to C++,slides/day22_intro_cpp.pdf
8,1,14-Mar,Slides,C++ Strings,slides/day22_cpp_strings.pdf
8,1,14-Mar,Recap,Day 22,questions/day22.html
8,1,14-Mar,Exercise,N/A,#
8,1,14-Mar,LectureSlides,Section 1,slides/sec01/day22_notes.pdf
8,1,14-Mar,LectureSlides,Section 2,slides/sec02/22.pdf
8,1,14-Mar,Recording,Section 1,https://jh.hosted.panopto.com/Panopto/Pages/Viewer.aspx?id=8569857b-044d-4506-934b-ae580126139e
8,1,14-Mar,Recording,Section 2,https://jh.hosted.panopto.com/Panopto/Pages/Viewer.aspx?id=c5336e3e-890c-4bc2-940a-ae580137a743
8,1,14-Mar,Recording,Section 3,https://jh.hosted.panopto.com/Panopto/Pages/Viewer.aspx?id=92f020b6-8cc4-42d6-8f37-ae5801488078
8,1,14-Mar,Recording,Section 4,https://jh.hosted.panopto.com/Panopto/Pages/Viewer.aspx?id=aa51ae78-1a91-4616-92f3-ae5800f33049
8,2,16-Mar,Video,Introduction to STL and templates,https://jh.hosted.panopto.com/Panopto/Pages/Viewer.aspx?id=04905da6-f193-4a6e-9f3e-ae2300279736
8,2,16-Mar,Slides,Introduction to STL and templates,slides/day23_stl_templates.pdf
8,2,16-Mar,Recap,Day 23,questions/day23.html
8,2,16-Mar,Exercise,Exercise 23,exercise/ex23.html
8,2,16-Mar,LectureSlides,Section 1,slides/sec01/day23_notes.pdf
8,2,16-Mar,LectureSlides,Section 2,slides/sec02/23.pdf
8,2,16-Mar,Recording,Section 1,https://jh.hosted.panopto.com/Panopto/Pages/Viewer.aspx?id=11aa5900-15c5-4004-bb96-ae5a01200065
8,2,16-Mar,Recording,Section 2,https://jh.hosted.panopto.com/Panopto/Pages/Viewer.aspx?id=5750d5b9-e1d1-498d-812f-ae5a01362842
8,2,16-Mar,Recording,Section 3,https://jh.hosted.panopto.com/Panopto/Pages/Viewer.aspx?id=8d7aad31-5268-4ea0-95a5-ae5a014fe37f
8,2,16-Mar,Recording,Section 4,https://jh.hosted.panopto.com/Panopto/Pages/Viewer.aspx?id=302d45ff-4bcd-4511-9e93-ae5a00f5b142
8,3,18-Mar,Video,"STL Containers - map, pair, and tuple",https://jh.hosted.panopto.com/Panopto/Pages/Viewer.aspx?id=c12342a6-6af3-4859-9da6-ae2300279661
8,3,18-Mar,Video,STL Algorithms,https://jh.hosted.panopto.com/Panopto/Pages/Viewer.aspx?id=c08d312c-963d-485b-84bf-ae23002796be
8,3,18-Mar,Slides,"STL Containers - map, pair, and tuple",slides/day24_more_stl_containers.pdf
8,3,18-Mar,Slides,STL Algorithms,slides/day24_stl_algorithms.pdf
8,3,18-Mar,Recap,Day 24,questions/day24.html
8,3,18-Mar,Exercise,Exercise 24,exercise/ex24.html
8,3,18-Mar,LectureSlides,Section 1,slides/sec02/24.pdf
8,3,18-Mar,LectureSlides,Section 2,slides/sec02/24.pdf
8,3,18-Mar,Recording,Section 1,https://jh.hosted.panopto.com/Panopto/Pages/Viewer.aspx?id=c0bb58d4-17eb-40b0-91e0-ae5c013560f8
8,3,18-Mar,Recording,Section 2,https://jh.hosted.panopto.com/Panopto/Pages/Viewer.aspx?id=c0bb58d4-17eb-40b0-91e0-ae5c013560f8
8,3,18-Mar,Recording,Section 3,https://jh.hosted.panopto.com/Panopto/Pages/Viewer.aspx?id=208e21fa-aed7-4759-a7fd-ae5c014c2809
8,3,18-Mar,Recording,Section 4,https://jh.hosted.panopto.com/Panopto/Pages/Viewer.aspx?id=c39a0ba2-4d86-4d58-a41d-ae5c00faabbe
9,1,28-Mar,Video,C++ I/O stream and stringstream,https://jh.hosted.panopto.com/Panopto/Pages/Viewer.aspx?id=f35cdf8e-80d0-4d88-b9e3-ae2300279562
9,1,28-Mar,Video,Intro to Object Oriented Programming,https://jh.hosted.panopto.com/Panopto/Pages/Viewer.aspx?id=090adf84-0330-4c2f-9c73-ae230027a599
9,1,28-Mar,Slides,C++ I/O stream and stringstream,slides/day25_cpp_file_io_stringstream.pdf
9,1,28-Mar,Slides,Intro to Object Oriented Programming,slides/day25_intro_to_oo.pdf
9,1,28-Mar,Recap,Day 25,questions/day25.html
9,1,28-Mar,Exercise,Exercise 25,exercise/ex25.html
9,1,28-Mar,LectureSlides,Section 1,slides/sec01/day25_notes.pdf
9,1,28-Mar,LectureSlides,Section 2,slides/sec02/25.pdf
9,1,28-Mar,Recording,Section 1,https://jh.hosted.panopto.com/Panopto/Pages/Viewer.aspx?id=62899dd2-74da-4fc6-b22e-ae66012501b6
9,1,28-Mar,Recording,Section 2,https://jh.hosted.panopto.com/Panopto/Pages/Viewer.aspx?id=7dd4185f-69e3-447a-a9a9-ae6601379d8a
9,1,28-Mar,Recording,Section 3,https://jh.hosted.panopto.com/Panopto/Pages/Viewer.aspx?id=9bdb9a6c-c78f-4b30-b11f-ae660147a4e1
9,1,28-Mar,Recording,Section 4,https://jh.hosted.panopto.com/Panopto/Pages/Viewer.aspx?id=955d3bbd-8edc-4083-9c7c-ae6600fc117b
9,2,30-Mar,Video,References,https://jh.hosted.panopto.com/Panopto/Pages/Viewer.aspx?id=4fcd7033-f754-429f-b55b-ae230027a516
9,2,30-Mar,Video,Dynamic Memory Allocation,https://jh.hosted.panopto.com/Panopto/Pages/Viewer.aspx?id=d9978853-6c9b-4cc3-b62d-ae230027a4cc
9,2,30-Mar,Slides,References,slides/day26_cpp_reference.pdf
9,2,30-Mar,Slides,Dynamic Memory Allocation,slides/day26_dynamic_memory_allocation.pdf
9,2,30-Mar,Recap,Day 26,questions/day26.html
9,2,30-Mar,Exercise,Exercise 26,exercise/ex26.html
9,2,30-Mar,LectureSlides,Section 1,slides/sec01/day26_notes.pdf
9,2,30-Mar,LectureSlides,Section 2,slides/sec02/26.pdf
9,2,30-Mar,Recording,Section 1,https://jh.hosted.panopto.com/Panopto/Pages/Viewer.aspx?id=715d9b83-6557-40db-a26f-ae6801269fe2
9,2,30-Mar,Recording,Section 2,https://jh.hosted.panopto.com/Panopto/Pages/Viewer.aspx?id=cf600869-d462-4929-9565-ae6801359398
9,2,30-Mar,Recording,Section 3,https://jh.hosted.panopto.com/Panopto/Pages/Viewer.aspx?id=30de1811-84cf-407d-95ee-ae68014dd79b
9,2,30-Mar,Recording,Section 4,https://jh.hosted.panopto.com/Panopto/Pages/Viewer.aspx?id=dd90042a-323d-4e87-8229-ae6800fc2a6c
9,3,1-Apr,Video,C++ Classes,https://jh.hosted.panopto.com/Panopto/Pages/Viewer.aspx?id=5a1a7afe-6165-4e33-9567-ae230027a431
9,3,1-Apr,Video,Default Constructors,https://jh.hosted.panopto.com/Panopto/Pages/Viewer.aspx?id=0e485b33-028d-45e6-be18-ae230027a3d3
9,3,1-Apr,Slides,C++ Classes,slides/day27_cpp_classes.pdf
9,3,1-Apr,Slides,Default Constructors,slides/day27_default_constructor.pdf
9,3,1-Apr,Recap,Day 27,questions/day27.html
9,3,1-Apr,Exercise,Exercise 27,exercise/ex27.html
9,3,1-Apr,LectureSlides,Section 1,slides/sec01/day27_notes.pdf
9,3,1-Apr,LectureSlides,Section 2,slides/sec02/27.pdf
9,3,1-Apr,Recording,Section 1,https://jh.hosted.panopto.com/Panopto/Pages/Viewer.aspx?id=7506fb21-3d3b-413e-aed0-ae6a013f2ab4
9,3,1-Apr,Recording,Section 2,https://jh.hosted.panopto.com/Panopto/Pages/Viewer.aspx?id=de30f80d-595c-4db9-9ccd-ae6a0135618a
9,3,1-Apr,Recording,Section 3,https://jh.hosted.panopto.com/Panopto/Pages/Viewer.aspx?id=a1cbee50-e5ce-4c7e-b0b1-ae6a014f5a9b
9,3,1-Apr,Recording,Section 4,https://jh.hosted.panopto.com/Panopto/Pages/Viewer.aspx?id=3749174e-6203-4e23-8e44-ae6a00fe3af7
10,1,4-Apr,Video,Constructors and default arguments,https://jh.hosted.panopto.com/Panopto/Pages/Viewer.aspx?id=62080530-d06e-4a0e-be06-ae230027a050
10,1,4-Apr,Video,Destructors,https://jh.hosted.panopto.com/Panopto/Pages/Viewer.aspx?id=2ea9792a-afab-4319-85f1-ae2300279fe3
10,1,4-Apr,Slides,Constructors and default arguments,slides/day28_constructors.pdf
10,1,4-Apr,Slides,Destructors,slides/day28_destructors.pdf
10,1,4-Apr,Recap,Day 28,questions/day28.html
10,1,4-Apr,Exercise,Exercise 28,exercise/ex28.html
10,1,4-Apr,LectureSlides,Section 1,slides/sec01/day28_notes.pdf
10,1,4-Apr,LectureSlides,Section 2,slides/sec02/28.pdf
10,1,4-Apr,Recording,Section 1,https://jh.hosted.panopto.com/Panopto/Pages/Viewer.aspx?id=f36da5e4-3441-449d-bdd6-ae6d0125c621
10,1,4-Apr,Recording,Section 2,https://jh.hosted.panopto.com/Panopto/Pages/Viewer.aspx?id=73b04543-5f0f-441f-85db-ae6d012b8adb
10,1,4-Apr,Recording,Section 3,https://jh.hosted.panopto.com/Panopto/Pages/Viewer.aspx?id=87c1d1f6-4534-48ea-860f-ae6d01464598
10,1,4-Apr,Recording,Section 4,https://jh.hosted.panopto.com/Panopto/Pages/Viewer.aspx?id=d3ed4977-7ba2-44d2-a8b9-ae6d00f66279
10,2,6-Apr,Video,Function overloading,https://jh.hosted.panopto.com/Panopto/Pages/Viewer.aspx?id=2c8031d1-8509-4b22-881b-ae2300279f65
10,2,6-Apr,Video,Operator overloading,https://jh.hosted.panopto.com/Panopto/Pages/Viewer.aspx?id=ee4c0ea7-24f8-426a-9291-ae2300279f0e
10,2,6-Apr,Slides,Function overloading,slides/day29_function_overloading.pdf
10,2,6-Apr,Slides,Operator overloading,slides/day29_operator_overloading.pdf
10,2,6-Apr,Recap,Day 29,questions/day29.html
10,2,6-Apr,Exercise,Exercise 29,exercise/ex29.html
10,2,6-Apr,LectureSlides,Section 1,slides/sec01/day29_notes.pdf
10,2,6-Apr,LectureSlides,Section 2,slides/sec02/29.pdf
10,2,6-Apr,Recording,Section 1,https://jh.hosted.panopto.com/Panopto/Pages/Viewer.aspx?id=9f9c0e92-fcd5-4c89-b21a-ae6f013238d7
10,2,6-Apr,Recording,Section 2,https://jh.hosted.panopto.com/Panopto/Pages/Viewer.aspx?id=1db529f1-99de-48e1-b46c-ae6f013539c6
10,2,6-Apr,Recording,Section 3,https://jh.hosted.panopto.com/Panopto/Pages/Viewer.aspx?id=e3bdb82b-8193-4d52-90df-ae6f014643be
10,2,6-Apr,Recording,Section 4,https://jh.hosted.panopto.com/Panopto/Pages/Viewer.aspx?id=3bac23c5-2059-4ef1-83ee-ae6f00fb8f1f
10,3,8-Apr,Video,Initialization and assignment,https://jh.hosted.panopto.com/Panopto/Pages/Viewer.aspx?id=f9091b95-ab29-46fe-82b8-ae2300279e93
10,3,8-Apr,Video,Rule of 3,https://jh.hosted.panopto.com/Panopto/Pages/Viewer.aspx?id=181313b7-6b07-400c-addf-ae2300279df3
10,3,8-Apr,Slides,Initialization and assignment,slides/day30_initialization_assignments.pdf
10,3,8-Apr,Slides,Rule of 3,slides/day30_rule_of_3.pdf
10,3,8-Apr,Recap,Day 30,questions/day30.html
10,3,8-Apr,Exercise,Exercise 30,exercise/ex30.html
10,3,8-Apr,LectureSlides,Section 1,slides/sec01/day30_notes.pdf
10,3,8-Apr,LectureSlides,Section 2,slides/sec02/30.pdf
10,3,8-Apr,Recording,Section 1,https://jh.hosted.panopto.com/Panopto/Pages/Viewer.aspx?id=8949f2ad-da02-4cb8-aa5d-ae710121a7a9
10,3,8-Apr,Recording,Section 2,https://jh.hosted.panopto.com/Panopto/Pages/Viewer.aspx?id=da17de43-5e91-4402-8626-ae710134d153
10,3,8-Apr,Recording,Section 3,https://jh.hosted.panopto.com/Panopto/Pages/Viewer.aspx?id=4f92dc1b-bc1d-411b-97d2-ae710144118c
10,3,8-Apr,Recording,Section 4,https://jh.hosted.panopto.com/Panopto/Pages/Viewer.aspx?id=8c2a996e-0aa0-4859-9311-ae7100fbc54d
11,1,11-Apr,Video,Template functions,https://jh.hosted.panopto.com/Panopto/Pages/Viewer.aspx?id=fed0c83c-bcd8-4341-8b0e-ae2300279cf6
11,1,11-Apr,Video,Template classes,https://jh.hosted.panopto.com/Panopto/Pages/Viewer.aspx?id=06bf6f38-8f76-4b19-80f4-ae2300279c79
11,1,11-Apr,Slides,Template functions,slides/day31_template_functions.pdf
11,1,11-Apr,Slides,Template classes,slides/day31_template_classes.pdf
11,1,11-Apr,Recap,Day 31,questions/day31.html
11,1,11-Apr,Exercise,Exercise 31,exercise/ex31.html
11,1,11-Apr,LectureSlides,Section 1,slides/sec01/day31_notes.pdf
11,1,11-Apr,LectureSlides,Section 2,slides/sec02/day31_notes.pdf
11,1,11-Apr,Recording,Section 1,https://jh.hosted.panopto.com/Panopto/Pages/Viewer.aspx?id=7de5c9a3-ecc2-4f4b-8ab8-ae74013991ad
11,1,11-Apr,Recording,"Section 2 (link to Section 1<br>recording, we forgot to<br>record Section 2)",https://jh.hosted.panopto.com/Panopto/Pages/Viewer.aspx?id=7de5c9a3-ecc2-4f4b-8ab8-ae74013991ad
11,1,11-Apr,Recording,Section 3,https://jh.hosted.panopto.com/Panopto/Pages/Viewer.aspx?id=48f23d7e-b1fa-4620-b6d7-ae7401471cbd
11,1,11-Apr,Recording,Section 4,https://jh.hosted.panopto.com/Panopto/Pages/Viewer.aspx?id=1a143af0-5709-4292-b37f-ae740108e2f3
11,2,13-Apr,Video,Inheritance,https://jh.hosted.panopto.com/Panopto/Pages/Viewer.aspx?id=7cdea279-e109-4ba8-b99d-ae2300279bea
11,2,13-Apr,Video,Polymorphism,https://jh.hosted.panopto.com/Panopto/Pages/Viewer.aspx?id=873d6ec0-a562-47f2-b098-ae2300279b28
11,2,13-Apr,Slides,Inheritance,slides/day32_inheritance.pdf
11,2,13-Apr,Slides,Polymorphism,slides/day32_polymorphism.pdf
11,2,13-Apr,Recap,Day 32,questions/day32.html
11,2,13-Apr,Exercise,Exercise 32,exercise/ex32.html
11,2,13-Apr,LectureSlides,Section 1,slides/sec01/day32_notes.pdf
11,2,13-Apr,LectureSlides,Section 2,slides/sec02/day32_notes.pdf
11,2,13-Apr,Recording,Section 1,https://jh.hosted.panopto.com/Panopto/Pages/Viewer.aspx?id=d220a4fc-7a92-4fc1-bb15-ae76011ea016
11,2,13-Apr,Recording,Section 2,https://jh.hosted.panopto.com/Panopto/Pages/Viewer.aspx?id=0a9a0d2e-8466-4115-af3e-ae76012d0f58
11,2,13-Apr,Recording,Section 3,https://jh.hosted.panopto.com/Panopto/Pages/Viewer.aspx?id=4587dd21-646e-41f5-b0b4-ae7601480169
11,2,13-Apr,Recording,Section 4,https://jh.hosted.panopto.com/Panopto/Pages/Viewer.aspx?id=bbf2f9d9-a0d5-4bf9-a6d6-ae7600fd3880
11,3,15-Apr,Video,Dynamic dispatch,https://jh.hosted.panopto.com/Panopto/Pages/Viewer.aspx?id=162dba01-3c6a-4358-8179-ae23002799fe
11,3,15-Apr,Video,Function hiding and abstract classes,https://jh.hosted.panopto.com/Panopto/Pages/Viewer.aspx?id=0e849f80-9dec-47c1-aaac-ae2300279986
11,3,15-Apr,Video,Virtual destructors,https://jh.hosted.panopto.com/Panopto/Pages/Viewer.aspx?id=5d6fdb70-910c-4823-b4a0-ae23002797a1
11,3,15-Apr,Slides,Dynamic dispatch,slides/day33_dynamic_dispatch.pdf
11,3,15-Apr,Slides,Function hiding and abstract classes,slides/day33_function_hiding_abstract_classes.pdf
11,3,15-Apr,Slides,Virtual destructors,slides/day33_virtual_destructors.pdf
11,3,15-Apr,Recap,Day 33,questions/day33.html
11,3,15-Apr,Exercise,Exercise 33,exercise/ex33.html
11,3,15-Apr,LectureSlides,Section 1,slides/sec01/day33_notes.pdf
11,3,15-Apr,LectureSlides,Section 2,slides/sec02/day33_notes.pdf
11,3,15-Apr,Recording,Section 1,https://jh.hosted.panopto.com/Panopto/Pages/Viewer.aspx?id=ae5d7092-3490-4a58-b2cc-ae78012d499c
11,3,15-Apr,Recording,Section 2,https://jh.hosted.panopto.com/Panopto/Pages/Viewer.aspx?id=6f3f24b5-d56d-422a-81f5-ae78012d3145
11,3,15-Apr,Recording,Section 3,https://jh.hosted.panopto.com/Panopto/Pages/Viewer.aspx?id=277966fe-d3af-4b4e-9047-ae78014b79ad
11,3,15-Apr,Recording,Section 4,https://jh.hosted.panopto.com/Panopto/Pages/Viewer.aspx?id=f16a04dc-849b-4c08-a34c-ae7800fc2d77
12,1,18-Apr,Video,OO Design & UML Diagrams,https://jh.hosted.panopto.com/Panopto/Pages/Viewer.aspx?id=2edb2b97-e40e-4200-94ce-ae23002790c9
12,1,18-Apr,Slides,OO Design & UML Diagrams,slides/day34_oo_design_uml.pdf
12,1,18-Apr,Recap,Day 34,questions/day34.html
12,1,18-Apr,Exercise,Work on final project,#
12,1,18-Apr,LectureSlides,Section 1,slides/sec01/day34_notes.pdf
12,1,18-Apr,LectureSlides,Section 2,slides/sec02/34.pdf
12,1,18-Apr,Recording,Section 1,https://jh.hosted.panopto.com/Panopto/Pages/Viewer.aspx?id=eea28ef6-91d0-4985-bb5b-ae7b012295d2
12,1,18-Apr,Recording,Section 2,https://jh.hosted.panopto.com/Panopto/Pages/Viewer.aspx?id=4a25b011-f710-45ec-b0ad-ae7b01360951
12,1,18-Apr,Recording,Section 3,https://jh.hosted.panopto.com/Panopto/Pages/Viewer.aspx?id=343f1480-37cd-48b1-bcb8-ae7b01475cf0
12,1,18-Apr,Recording,Section 4,https://jh.hosted.panopto.com/Panopto/Pages/Viewer.aspx?id=e4aa7e1f-25ca-44e4-9b69-ae7b00f51de7
12,2,20-Apr,Video,Enumerated Types,https://jh.hosted.panopto.com/Panopto/Pages/Viewer.aspx?id=00c8e477-aa8e-4357-bd0e-ae230027992c
12,2,20-Apr,Video,Exceptions,https://jh.hosted.panopto.com/Panopto/Pages/Viewer.aspx?id=7e2654d0-197a-49fb-8d90-ae23002798b8
12,2,20-Apr,Video,Customized Exceptions,https://jh.hosted.panopto.com/Panopto/Pages/Viewer.aspx?id=53afa435-461a-4814-bfc2-ae2300279850
12,2,20-Apr,Slides,Enumerated Types,slides/day35_enum.pdf
12,2,20-Apr,Slides,Exceptions,slides/day35_exceptions.pdf
12,2,20-Apr,Slides,Customized Exceptions,slides/day35_customized_exceptions.pdf
12,2,20-Apr,Recap,Day 35,questions/day35.html
12,2,20-Apr,Exercise,Exercise 35,exercise/ex35.html
12,3,22-Apr,Exercise,Work on final project,#